{"cameraMode":{"drawMode":0,"name":"Shaded","section":"Shading Mode"},"sceneLighting":true,"audioPlay":false,"sceneViewState":{"showFog":true,"showMaterialUpdate":true,"showSkybox":true,"showFlares":true,"showImageEffects":true,"showParticleSystems":true},"in2DMode":false,"pivot":{"x":0.9234151244163513,"y":2.325486183166504,"z":4.46107292175293},"rotation":{"x":0.08837969601154328,"y":0.010458719916641713,"z":-0.0009280218509957194,"w":0.9960319399833679},"size":10.0,"orthographic":false}