{"cameraMode":{"drawMode":0,"name":"Shaded","section":"Shading Mode"},"sceneLighting":true,"audioPlay":false,"sceneViewState":{"showFog":true,"showMaterialUpdate":true,"showSkybox":true,"showFlares":true,"showImageEffects":true,"showParticleSystems":true},"in2DMode":false,"pivot":{"x":-0.3820934295654297,"y":8.900211334228516,"z":-13.91356372833252},"rotation":{"x":0.3092026710510254,"y":-0.01569087617099285,"z":0.005102087743580341,"w":0.9508542418479919},"size":1.2247449159622193,"orthographic":false}